Title,Image Src,Price / International,Vendor
الِسنام,https://cdn.salla.sa/ndKDm/mG33UDH521wqJTKwrUxaNsWg0fSCPpuyTfYizL5I.jpg,٦٩٠ ر.س,leenbylayan
الديار,https://cdn.salla.sa/ndKDm/cviR5YxL7pBzXxwhYHEdD6URLOzMa5KModpXuYR9.jpg,٦٩٠ ر.س,leenbylayan
Leen 206,https://cdn.salla.sa/ndKDm/8DWFMIC6FuiZOdrl69u3Xjap1cXke7vnJ21MSBQv.jpg,٥٥٠ ر.س,leenbylayan
Leen 205,https://cdn.salla.sa/ndKDm/DvlfsUC0k2J7LOqSDKX0loWUiWsgFB805dYfLfYW.jpg,٤٩٠ ر.س,leenbylayan
Leen 204,https://cdn.salla.sa/ndKDm/Nsg1aQTt8RR7KFWvvd6qxSpPVtrwYdyHA8u3bVlf.jpg,٤٩٠ ر.س,leenbylayan
Leen 203,https://cdn.salla.sa/ndKDm/vSjnz0GD9NkbXWxAR2zoiiMDIH7IjYAzLb5AWaex.jpg,٥٩٠ ر.س,leenbylayan
Leen 202,https://cdn.salla.sa/ndKDm/daBe0vgsW5FDps3oO63kyjUvPCDi0Wv1Vv5hbIua.jpg,٥٥٠ ر.س,leenbylayan
Leen 201,https://cdn.salla.sa/ndKDm/9Dwaoxru1p1jbTX2ovgFgygvNqA1BcrQG7oxKab3.jpg,٤٩٠ ر.س,leenbylayan
101 Leen,https://cdn.salla.sa/ndKDm/ifIbvQnRVQmSYQUk4CNRq1QsJCx1he6LgE3nsAuu.jpg,٥٩٠ ر.س,leenbylayan
لين 45,https://cdn.salla.sa/ndKDm/772oGhwWUJKRTbnvTJrOIXvhIjEPxU8oz273LoRE.jpg,٤٩٠ ر.س,leenbylayan
لين 55,https://cdn.salla.sa/ndKDm/PrhnsBtLwwMHXROfSFsjNYX6sNpOyZDZBlflaKfD.jpg,٥٩٠ ر.س,leenbylayan
لين 54,https://cdn.salla.sa/ndKDm/4PCJNPJ98DqCzQibH7jAgfrplnzej7McakcGkoQF.jpg,٤٩٠ ر.س,leenbylayan
لين 52 اخضر,https://cdn.salla.sa/ndKDm/7B9MQZ0YO8p8rsBJb3KcJJ0nSjlixbuNt8p4183U.jpg,٤٩٠ ر.س,leenbylayan
لين 52,https://cdn.salla.sa/ndKDm/AJKSDTWujeEVGzaqRYiVa4kuXddgIMm8N9J3dQ6B.jpg,٤٩٠ ر.س,leenbylayan
لين 51,https://cdn.salla.sa/ndKDm/ebW5bFY4gEHn4abgdRbBJgSYfNQhT3r0u4DxPHBx.jpg,٤٩٠ ر.س,leenbylayan
Lady in Grey,https://cdn.salla.sa/ndKDm/e4HUEzsXYrwkbQJCrvyHSbIoXBmQ0z66feFRf7wE.jpg,٥٩٠ ر.س,leenbylayan
Leen X Juju,https://cdn.salla.sa/ndKDm/hTgJxnhxV5H2woYK2pLrWieTegzZuMQLF9zrm3g4.jpg,٤٩٠ ر.س,leenbylayan
لين42 - اسود,https://cdn.salla.sa/ndKDm/vIWniTqBz6Ozs6fYaSa1yAKW9kuyMo7aa6JwWju4.jpg,٤٩٠ ر.س,leenbylayan
LeenXAfnan,https://cdn.salla.sa/ndKDm/AoDvy6MsEWYTxMTgCT7exJGCiYvz8BHsTPWghkLU.jpg,٤٩٠ ر.س,leenbylayan
Lady in Red,https://cdn.salla.sa/ndKDm/6YV9OJalY4cVgdrk8e4MxcShLK0aYG0iCebPPv20.jpg,٤٩٠ ر.س,leenbylayan
LeenXWadha,https://cdn.salla.sa/ndKDm/fFFU5w0VoJDWjcwfT0cMzz7YPdccKA27wG3bfBUQ.jpg,٤٩٠ ر.س,leenbylayan
لين 53,https://cdn.salla.sa/ndKDm/P6sGZY8xqOufENWzCXwm3o5IIABwBHPtMVBIPGfw.jpg,٤٩٠ ر.س,leenbylayan
لين 50,https://cdn.salla.sa/ndKDm/RFZ96XMEWVNqS2vsFlLCBtWQCo1SsR1md70uV3IT.jpg,٤٩٠ ر.س,leenbylayan
لين42 - زيتي,https://cdn.salla.sa/ndKDm/L5HrG7TF8pmHdw6Yq4Hbq0gaPoHQhJywsOSlOHQk.jpg,٤٩٠ ر.س,leenbylayan
